{"cameraMode":{"drawMode":0,"name":"Shaded","section":"Shading Mode"},"sceneLighting":false,"audioPlay":false,"sceneViewState":{"m_AlwaysRefresh":false,"showFog":true,"showSkybox":false,"showFlares":true,"showImageEffects":true,"showParticleSystems":true,"showVisualEffectGraphs":true,"m_FxEnabled":true},"in2DMode":false,"pivot":{"x":-4.837393760681152,"y":3.6175801753997804,"z":2.3954241275787355},"rotation":{"x":-0.15938200056552888,"y":-0.30347177386283877,"z":0.051563721150159839,"w":-0.9379958510398865},"size":0.5991803407669067,"orthographic":false}