{"cameraMode":{"drawMode":0,"name":"Shaded","section":"Shading Mode"},"sceneLighting":false,"audioPlay":false,"sceneViewState":{"m_AlwaysRefresh":false,"showFog":true,"showSkybox":false,"showFlares":true,"showImageEffects":true,"showParticleSystems":true,"showVisualEffectGraphs":true,"m_FxEnabled":true},"in2DMode":false,"pivot":{"x":-45.55687713623047,"y":-3.0186469554901125,"z":23.48961067199707},"rotation":{"x":-0.1175803616642952,"y":0.007458270061761141,"z":-0.001139255939051509,"w":-0.9931286573410034},"size":22.836374282836915,"orthographic":false}