{"cameraMode":{"drawMode":0,"name":"Shaded","section":"Shading Mode"},"sceneLighting":false,"audioPlay":false,"sceneViewState":{"m_AlwaysRefresh":false,"showFog":true,"showSkybox":false,"showFlares":true,"showImageEffects":true,"showParticleSystems":true,"showVisualEffectGraphs":true,"m_FxEnabled":true},"in2DMode":false,"pivot":{"x":3.431382656097412,"y":-1.3503209352493287,"z":0.7592650055885315},"rotation":{"x":-0.041645508259534839,"y":0.9522655606269836,"z":-0.1515367478132248,"w":-0.26170191168785097},"size":30.290834426879884,"orthographic":false}